source,target,regex,code
"/design-project/dom/","https://design.td-art.ru/folio",0,301
"/design-project/kvartira/","https://design.td-art.ru/folio",0,301
"/articles/interesnoe/elitnyj-dizajn-interera-v-chem-zhe-on-zaklyuchaetsya/","https://design.td-art.ru/folio",0,301
"/articles/interesnoe/stil-barokko-v-interere/","https://design.td-art.ru/folio",0,301
"/articles/gostinaya/osobennosti-interera-gostinoj-v-chastnom-dome/","https://design.td-art.ru/folio",0,301
"/","https://design.td-art.ru/",0,301
"/articles/bedroom/balcony/","https://design.td-art.ru/folio",0,301
"/articles/gostinaya/fireplace/","https://design.td-art.ru/folio",0,301
"/articles/interesnoe/vintazhnyj-stil-v-dizajne-interera/","https://design.td-art.ru/folio",0,301
"/articles/interesnoe/stil-konstruktivizm-v-dizajne-interera/","https://design.td-art.ru/folio",0,301
"/articles/bedroom/interer-spalni-v-klassicheskom-stile/","https://design.td-art.ru/folio",0,301
"/design-project/avtorskiy-nadzor/","https://design.td-art.ru/complex",0,301
"/articles/interesnoe/fioletovie-ottenki-v-interiere/","https://design.td-art.ru/folio",0,301
"/articles/bedroom/bay-window/","https://design.td-art.ru/folio",0,301
"/articles/vannaya/art-deko","https://design.td-art.ru/folio",0,301
"/prices/","https://design.td-art.ru/",0,301
"/articles/interesnoe/skolko-nuzhno-vremeni-na-rabotu-s-dizajnerom/","https://design.td-art.ru/folio",0,301
"/articles/interesnoe/8-sovetov-kak-pravilno-sdelat-remont/","https://design.td-art.ru/folio",0,301
"/articles/kitchen/balcony/","https://design.td-art.ru/folio",0,301
"/contacts/","https://design.td-art.ru/#contacts",0,301
"/byuro/","https://design.td-art.ru/folio",0,301
"/","https://design.td-art.ru/",0,301
"/","https://design.td-art.ru/",0,301
"/articles/interesnoe/kak-pravilno-vybrat-lestnicu-dlya-kottedzha-ili-chastnogo-doma/","https://design.td-art.ru/folio",0,301
"/articles/gostinaya/minimalizm/","https://design.td-art.ru/folio",0,301
"/design-project/komplektaciya/","https://design.td-art.ru/complex",0,301
"/articles/kitchen/bay-window/","https://design.td-art.ru/folio",0,301
"/articles/kitchen/bar/","https://design.td-art.ru/folio",0,301
"/articles/interesnoe/kirpich-vnutri-doma/","https://design.td-art.ru/folio",0,301
"/design-project/","https://design.td-art.ru/",0,301
"/articles/interesnoe/dizajn-proekt-bolshoj-kvartiry/","https://design.td-art.ru/folio",0,301
"/articles/kitchen/studio","https://design.td-art.ru/folio",0,301
"/articles/kitchen/art-deko/","https://design.td-art.ru/folio",0,301
"/articles/gostinaya/high-tech/","https://design.td-art.ru/folio",0,301
"/articles/vannaya/high-tech/","https://design.td-art.ru/folio",0,301
"/articles/interesnoe/anglijskij-stil-v-dizajne-interera/","https://design.td-art.ru/folio",0,301
"/articles/interesnoe/dizajn-interera-v-klassicheskom-stile/","https://design.td-art.ru/folio",0,301
"/articles/vannaya/kak-sozdat-vannuyu-komnatu-v-ekostile/","https://design.td-art.ru/folio",0,301
"/articles/vannaya/minimalism/","https://design.td-art.ru/folio",0,301
"/articles/vannaya/provence/","https://design.td-art.ru/folio",0,301
"/articles/interesnoe/frilanser-vs-arhitekturnogo-byuro-kuda-idti-za-intererom-svoej-mechty/","https://design.td-art.ru/folio",0,301
"/articles/interesnoe/dizajn-kvartiry-svobodnoj-planirovki/","https://design.td-art.ru/folio",0,301
"/articles/prihozhaya/art-deko/","https://design.td-art.ru/folio",0,301
"/design-project/interier-pod-kluch/","https://design.td-art.ru/complex",0,301
"/articles/interesnoe/stil-pop-art/","https://design.td-art.ru/folio",0,301
"/articles/vannaya/classic/","https://design.td-art.ru/folio",0,301
"/articles/prihozhaya/dizajn-bolshoj-prihozhej/","https://design.td-art.ru/folio",0,301
"/articles/bedroom/kantri/","https://design.td-art.ru/folio",0,301
"/articles/vannaya/idei-po-planirovke-vannoj-komnaty/","https://design.td-art.ru/folio",0,301
"/articles/kitchen/dizajn-uglovoj-kuhni/","https://design.td-art.ru/folio",0,301
"/articles/interesnoe/kak-sdelat-pereplanirovku-kvartiry/","https://design.td-art.ru/folio",0,301
"/articles/bedroom/classic/","https://design.td-art.ru/folio",0,301
"/articles/gostinaya/art-deko/","https://design.td-art.ru/folio",0,301
"/articles/kitchen/big/","https://design.td-art.ru/folio",0,301
"/articles/interesnoe/stil-ampir-v-interere/","https://design.td-art.ru/folio",0,301
"/articles/interesnoe/klassicheskij-skandinavskij-stil/","https://design.td-art.ru/folio",0,301
"/articles/interesnoe/interer-sochetayuwij-chernye-i-belye-tona/","https://design.td-art.ru/folio",0,301
"/articles/bedroom/art-deko/","https://design.td-art.ru/folio",0,301
"/portfolio/","https://design.td-art.ru/folio",0,301
"/articles/gostinaya/bay-window-2/","https://design.td-art.ru/folio",0,301
"/articles/interesnoe/chto-delat-esli-dizajn-proekt-interera-ne-nravitsja/","https://design.td-art.ru/folio",0,301
"/articles/vannaya/","https://design.td-art.ru/folio",0,301
"/portfolio/kopengagen/","https://design.td-art.ru/folio",0,301
"/portfolio/arbat/","https://design.td-art.ru/arbat",0,301
"/articles/bedroom/modern/","https://design.td-art.ru/folio",0,301
"/articles/vannaya/modern/","https://design.td-art.ru/folio",0,301
"/articles/gostinaya/dizajn-bolshoj-gostinoj/","https://design.td-art.ru/folio",0,301
"/articles/interesnoe/menyaem-interer-pri-pomowi-cveta/","https://design.td-art.ru/folio",0,301
"/portfolio/paveletskaya/","https://design.td-art.ru/paveletskaya",0,301
"/articles/interesnoe/skolko-stoit-horoshij-dizajn-proekt/","https://design.td-art.ru/folio",0,301
"/portfolio/kristall/","https://design.td-art.ru/crystal",0,301
"/articles/kitchen/classic/","https://design.td-art.ru/folio",0,301
"/portfolio/zhk-wow/","https://design.td-art.ru/wow",0,301
"/articles/bedroom/minimalism/","https://design.td-art.ru/folio",0,301
"/articles/interesnoe/kak-organizovat-home-office/","https://design.td-art.ru/folio",0,301
"/articles/bedroom/","https://design.td-art.ru/folio",0,301
"/articles/interesnoe/ostrovnaya-kuhnya-v-interere/","https://design.td-art.ru/folio",0,301
"/portfolio/akademika-pavlova/","https://design.td-art.ru/pavlova",0,301
"/portfolio/shuvalovskij/","https://design.td-art.ru/shuvalovsky",0,301
"/articles/kitchen/provence/","https://design.td-art.ru/folio",0,301
"/portfolio/serdce-stolicy/","https://design.td-art.ru/heart",0,301
"/articles/","https://design.td-art.ru/folio",0,301
"/articles/interesnoe/dizajn-proekt-taunhausa/","https://design.td-art.ru/folio",0,301
"/portfolio/shome/","https://design.td-art.ru/shome",0,301
"/articles/gostinaya/","https://design.td-art.ru/folio",0,301
"/portfolio/west-garden/","https://design.td-art.ru/westgarden",0,301
"/poisk/","https://design.td-art.ru/folio",0,301
"/portfolio/kvartira-v-zhk-4-solnca/","https://design.td-art.ru/4suns",0,301
"/articles/interesnoe/stil-barokko/","https://design.td-art.ru/folio",0,301
"/portfolio/horoshevskij/","https://design.td-art.ru/horoshevski",0,301
"/articles/kitchen/modern/","https://design.td-art.ru/folio",0,301
"/articles/prihozhaya/high-tech/","https://design.td-art.ru/folio",0,301
"/articles/interesnoe/dizajn-interera-v-sovremennom-stile/","https://design.td-art.ru/folio",0,301
"/articles/interesnoe/osoznannyj-interer-opredeljaemsja-s-vyborom/","https://design.td-art.ru/folio",0,301
"/portfolio/fili-city/","https://design.td-art.ru/folio",0,301
"/portfolio/dom-v-poselke-novye-veshki/","https://design.td-art.ru/veshki",0,301
"/portfolio/spasskie-vyselki/","https://design.td-art.ru/house190",0,301
"/articles/kitchen/","https://design.td-art.ru/folio",0,301
"/portfolio/kvartira-v-starom-fonde/","https://design.td-art.ru/folio",0,301
"/portfolio/dom-v-novoj-moskve-160m2/","https://design.td-art.ru/house160",0,301
"/portfolio/kvartira-na-donskom-proezde/","https://design.td-art.ru/donskoy",0,301
"/portfolio/west-garden-50m2/","https://design.td-art.ru/westgarden50",0,301
"/articles/prihozhaya/","https://design.td-art.ru/folio",0,301
"/articles/interesnoe/kak-rasporyaditsya-prostranstvom-lodzhii/","https://design.td-art.ru/folio",0,301
"/articles/interesnoe/kak-ne-popast-na-novichka/","https://design.td-art.ru/folio",0,301
"^/(.*)$","https://design.td-art.ru/folio",1,301