Адрес;Зона/микрорайон;Проблема (категория);Заявок;Примеры формулировок
Липовый парк, 8;Липовый парк;Парковки;11;Крысы бегают и парковку сделать | Парковки | Парковки больше
Липовый парк, 8;Липовый парк;Мигранты и общественный порядок;9;Мигранты | Мигранты дебоширят ночью | Мигранты мешают
Липовый парк, 8;Липовый парк;Мусор и уборка;4;Для выгула собак нет площадки, плохо развита дог френдли структура, нет площадок и мусорок, пакетов для собак | Мусор и мигранты | Мусор на улицах
Липовый парк, 8;Липовый парк;Крысы и насекомые;3;Крысы бегают | Крысы бегают и парковку сделать
Липовый парк, 8;Липовый парк;Дороги и тротуары;2;Все дороги разбиты | Грязно помыть брущатку
Липовый парк, 8;Липовый парк;Спортивные площадки;2;Волейбольную площадку | Светильники на площадках для игры в баскетбол и волейбол не хватает и в некоторых местах стоят не правильно светят в глаза
Липовый парк, 8;Липовый парк;Питбайки и мотошум;2;Питбайки шум, драки футболистов | Шумят питбайки, раздражает
Липовый парк, 8;Липовый парк;Шум и ночные гонки;2;Питбайки шум, драки футболистов | Шумят питбайки, раздражает
Липовый парк, 8;Липовый парк;Безопасность и охрана;2;Мигранты дебоширят ночью | Питбайки шум, драки футболистов
Липовый парк, 8;Липовый парк;Площадки для выгула собак;2;Выгул для собак сделать площадку | Для выгула собак нет площадки, плохо развита дог френдли структура, нет площадок и мусорок, пакетов для собак
Липовый парк, 8;Липовый парк;Благоустройство и детские площадки;2;Детские площадки разломаны постоянно | Лавочки в плохом состоянии
Липовый парк, 8;Липовый парк;Магазины и сервисы рядом;1;Больше фуд-кортов
Липовый парк, 8;Липовый парк;Прочее / федеральные темы;1;Повышенная ставка на ипотеку, принуждение скачивание мессенджера «Макс», создание цифрового рубля
Липовый парк, 8;Липовый парк;Самокаты и доставщики;1;Самокатчики ограничить езду по пешеходной зоне
Липовый парк, 8;Липовый парк;Освещение;1;Светильники на площадках для игры в баскетбол и волейбол не хватает и в некоторых местах стоят не правильно светят в глаза
Липовый парк, 7;Липовый парк;Парковки;9;Дубы срезают, парковок нет. И шумят | Очень мало парковок | Парковки
Липовый парк, 7;Липовый парк;Шум и ночные гонки;6;Дубы срезают, парковок нет. И шумят | Куча мигрантов по ночам и днём | Питбайки ездят громко
Липовый парк, 7;Липовый парк;Мигранты и общественный порядок;6;Куча мигрантов по ночам и днём | Мигрантов много | Мигранты
Липовый парк, 7;Липовый парк;Питбайки и мотошум;3;Питбайки ездят громко | Питбайки ездят громко, мигранты мусорят | Питбайки ездят сделать ограничение с 22.00 без питбайков
Липовый парк, 7;Липовый парк;Дороги и тротуары;2;Дороги лучше асфальтировать | Линии для велосипедов чтобы ездить на дорогах
Липовый парк, 7;Липовый парк;Наркомания, алкоголь, бездомные;2;Алкашей убрать ночью из липового парка | Три беседки постоянно наркоманы ходят шумят
Липовый парк, 7;Липовый парк;Вырубка дубов;2;Вырубка дубов лесов, больше зелени | Дубы срезают, парковок нет. И шумят
Липовый парк, 7;Липовый парк;Мусор и уборка;2;Мигранты мусорки убрали | Питбайки ездят громко, мигранты мусорят
Липовый парк, 7;Липовый парк;Освещение;1;Свет поздно включают на поле
Липовый парк, 7;Липовый парк;Площадки для выгула собак;1;Побольше площадок для собак
Липовый парк, 7;Липовый парк;Озеленение и уход за газонами;1;Вырубка дубов лесов, больше зелени
Липовый парк, 7;Липовый парк;Крысы и насекомые;1;Крысы бегают
Липовый парк, 7;Липовый парк;Транспорт и автобусы;1;Платят за транспорт дети школьники студенты бесплатный для всех
Липовый парк, 7;Липовый парк;Школы, сады и поликлиники;1;Платят за транспорт дети школьники студенты бесплатный для всех
Липовый парк, 7;Липовый парк;Прочее / федеральные темы;1;Закон о домашнем насилии
Липовый парк, 6;Липовый парк;Парковки;6;Парковки | Парковок мало | Парковочные места
Липовый парк, 6;Липовый парк;Мигранты и общественный порядок;5;Бензин, высокие цены, мигранты | Мигранты | Мигранты дерутся
Липовый парк, 6;Липовый парк;Мусор и уборка;4;Мусорки крысы и вода грязная | Мусоропровод закрыть он воняет | Скачки электроэнергии, сгорает аппаратура. Есть проблемы с мусоропроводом, управляющая компания не хочет ремонтировать, есть дырка на каком то этаже. Не разобрались с вытяжками, весь запах от приготовления идёт в подъезд 4
Липовый парк, 6;Липовый парк;Питбайки и мотошум;3;Недострой на улице бачуринской в 2010 построилось Возвели и всё. Пустырь Питбайкеры гоняют семьи с колясками волнуются Нет поликлиники И мало фитнес залов с бассейнов один на всю коммунарку | Питбайки громко шумят | Питбайки ездят
Липовый парк, 6;Липовый парк;Прочее / федеральные темы;3;Адресный реестр Москвы волнует он не везде корректный | Бензин, высокие цены, мигранты | Зарплата маленькая
Липовый парк, 6;Липовый парк;Запахи и Фуд Сити / промзона;3;Мусоропровод закрыть он воняет | Скачки электроэнергии, сгорает аппаратура. Есть проблемы с мусоропроводом, управляющая компания не хочет ремонтировать, есть дырка на каком то этаже. Не разобрались с вытяжками, весь запах от приготовления идёт в подъезд 4
Липовый парк, 6;Липовый парк;Управляющая компания и ЖКХ;3;Мусоропровод закрыть он воняет | Скачки электроэнергии, сгорает аппаратура. Есть проблемы с мусоропроводом, управляющая компания не хочет ремонтировать, есть дырка на каком то этаже. Не разобрались с вытяжками, весь запах от приготовления идёт в подъезд 4
Липовый парк, 6;Липовый парк;Недострой и долгострой;2;Вечной недострой парка потому что банкротство | Недострой на улице бачуринской в 2010 построилось Возвели и всё. Пустырь Питбайкеры гоняют семьи с колясками волнуются Нет поликлиники И мало фитнес залов с бассейнов один на всю коммунарку
Липовый парк, 6;Липовый парк;Шум и ночные гонки;2;Недострой на улице бачуринской в 2010 построилось Возвели и всё. Пустырь Питбайкеры гоняют семьи с колясками волнуются Нет поликлиники И мало фитнес залов с бассейнов один на всю коммунарку | Питбайки громко шумят
Липовый парк, 6;Липовый парк;Крысы и насекомые;2;Крысы тараканы | Мусорки крысы и вода грязная
Липовый парк, 6;Липовый парк;Парки и зоны отдыха;1;Вечной недострой парка потому что банкротство
Липовый парк, 6;Липовый парк;Школы, сады и поликлиники;1;Недострой на улице бачуринской в 2010 построилось Возвели и всё. Пустырь Питбайкеры гоняют семьи с колясками волнуются Нет поликлиники И мало фитнес залов с бассейнов один на всю коммунарку
Липовый парк, 6;Липовый парк;Досуг и культура;1;Недострой на улице бачуринской в 2010 построилось Возвели и всё. Пустырь Питбайкеры гоняют семьи с колясками волнуются Нет поликлиники И мало фитнес залов с бассейнов один на всю коммунарку
Липовый парк, 6;Липовый парк;Шлагбаумы и доступ во двор;1;Шлагбаум платные парковки
Липовый парк, 6;Липовый парк;Качество воды;1;Мусорки крысы и вода грязная
Липовый парк, 6;Липовый парк;Спортивные площадки;1;Покрытие площадки спортивной детской
Липовый парк, 6;Липовый парк;Отношение к животным;1;Насилие над животными убрать
Липовый парк, 6;Липовый парк;Благоустройство и детские площадки;1;Нехватка детских площадок
Липовый парк, 6;Липовый парк;Электроснабжение;1;Скачки электроэнергии, сгорает аппаратура. Есть проблемы с мусоропроводом, управляющая компания не хочет ремонтировать, есть дырка на каком то этаже. Не разобрались с вытяжками, весь запах от приготовления идёт в подъезд 4
Липовый парк, 6;Липовый парк;Безопасность и охрана;1;Мигранты дерутся
Липовый парк, 6;Липовый парк;Площадки для выгула собак;1;Выгул для собак сделать площадку
Липовый парк, 10;Липовый парк;Парковки;5;Парковки | Парковок мало | Парковочные места
Липовый парк, 10;Липовый парк;Мигранты и общественный порядок;4;Мигранты | Мигранты мешают | Мигранты нарушают
Липовый парк, 10;Липовый парк;Самокаты и доставщики;3;Запрет передвижения по тротуарам доставщикам на самокатах и велосипедах | Самокаты сбивают людей | Шумахеры доставщики и крысы
Липовый парк, 10;Липовый парк;Крысы и насекомые;3;Крысы бегают | Шумахеры доставщики и крысы
Липовый парк, 10;Липовый парк;Дороги и тротуары;2;Дороги побыстрее делали ускорялись а не замедлялись | Запрет передвижения по тротуарам доставщикам на самокатах и велосипедах
Липовый парк, 10;Липовый парк;Шум и ночные гонки;2;Жалуются жильцы на присутствующих на баскетбольной площадке по причине шума который создает удар мяча об щит, нужен другой щит бесшумный. Ходят в парке люди в туалет, нужны биотуалеты | Шумахеры доставщики и крысы
Липовый парк, 10;Липовый парк;Безопасность и охрана;1;Самокаты сбивают людей
Липовый парк, 10;Липовый парк;Освещение;1;Освещение в парке
Липовый парк, 10;Липовый парк;Вырубка дубов;1;Дубы срезают
Липовый парк, 10;Липовый парк;Питбайки и мотошум;1;Питбайки
Липовый парк, 10;Липовый парк;Спортивные площадки;1;Жалуются жильцы на присутствующих на баскетбольной площадке по причине шума который создает удар мяча об щит, нужен другой щит бесшумный. Ходят в парке люди в туалет, нужны биотуалеты
Липовый парк, 10;Липовый парк;Благоустройство и детские площадки;1;Жалуются жильцы на присутствующих на баскетбольной площадке по причине шума который создает удар мяча об щит, нужен другой щит бесшумный. Ходят в парке люди в туалет, нужны биотуалеты
Липовый парк, 9;Липовый парк;Мусор и уборка;3;Дороги очень много ям и вывоз ям и гвс и Хвс сроки отключения наладить | Мусора много | Мусорки переполнены никто не убирает
Липовый парк, 9;Липовый парк;Спортивные площадки;3;Детям не дают играть на стадионе футбольном | Зимой не чистят поле футбольное | Фонари перегорели на баскетбольной площадке
Липовый парк, 9;Липовый парк;Транспорт и автобусы;2;Автобусных остановок нет | Автобусы
Липовый парк, 9;Липовый парк;Дороги и тротуары;2;Дороги очень много ям и вывоз ям и гвс и Хвс сроки отключения наладить | Чтобы не трогали тротуары в этом году
Липовый парк, 9;Липовый парк;Мигранты и общественный порядок;2;Мигранты | Мигранты дерутся
Липовый парк, 9;Липовый парк;Безопасность и охрана;2;Дерутся в липовом парке | Мигранты дерутся
Липовый парк, 9;Липовый парк;Парковки;2;Парковки | Парковочные места
Липовый парк, 9;Липовый парк;Крысы и насекомые;2;Крысы бегают | Тараканы и крысы бегают
Липовый парк, 9;Липовый парк;Управляющая компания и ЖКХ;1;Дороги очень много ям и вывоз ям и гвс и Хвс сроки отключения наладить
Липовый парк, 9;Липовый парк;Озеленение и уход за газонами;1;Больше озеленения
Липовый парк, 9;Липовый парк;Площадки для выгула собак;1;Нету площадки для выгула собак как на Коньково
Липовый парк, 9;Липовый парк;Освещение;1;Фонари перегорели на баскетбольной площадке
Фитаревская, 6;Фитаревская;Парковки;7;Везде платные парковки по новым районам люди покупают жилье и негде поставить машину хотя общественный транспорт далеко, людей много, машины негде ставить Не нравится как чинят дороги, они делают по всему району, они все ремонтируют одновременно | Парковки | Парковки сделайте
Фитаревская, 6;Фитаревская;Крысы и насекомые;3;Крысы | Крысы бегают и мигранты дерутся | Много крыс в липовом парке
Фитаревская, 6;Фитаревская;Самокаты и доставщики;3;Курьеров убрать ограничения ввести | Самокатчики ездят сбивают доставка | Сбивают на самокатах, питбайки шумят, пьяницы шумят, в магазинах на первом этаже слышим работы ремонтные, разгружают тележки и шумят
Фитаревская, 6;Фитаревская;Безопасность и охрана;3;Крысы бегают и мигранты дерутся | Самокатчики ездят сбивают доставка | Сбивают на самокатах, питбайки шумят, пьяницы шумят, в магазинах на первом этаже слышим работы ремонтные, разгружают тележки и шумят
Фитаревская, 6;Фитаревская;Мигранты и общественный порядок;2;Крысы бегают и мигранты дерутся | Мигранты
Фитаревская, 6;Фитаревская;Дороги и тротуары;2;Бордюры достали перекладывать Потратьте деньги на более полезное Закон о тонировках доведите до конца | Везде платные парковки по новым районам люди покупают жилье и негде поставить машину хотя общественный транспорт далеко, людей много, машины негде ставить Не нравится как чинят дороги, они делают по всему району, они все ремонтируют одновременно
Фитаревская, 6;Фитаревская;Транспорт и автобусы;2;Везде платные парковки по новым районам люди покупают жилье и негде поставить машину хотя общественный транспорт далеко, людей много, машины негде ставить Не нравится как чинят дороги, они делают по всему району, они все ремонтируют одновременно | Остановки забиты добавить автобусов
Фитаревская, 6;Фитаревская;Питбайки и мотошум;2;Питбайки шумят | Сбивают на самокатах, питбайки шумят, пьяницы шумят, в магазинах на первом этаже слышим работы ремонтные, разгружают тележки и шумят
Фитаревская, 6;Фитаревская;Шум и ночные гонки;2;Питбайки шумят | Сбивают на самокатах, питбайки шумят, пьяницы шумят, в магазинах на первом этаже слышим работы ремонтные, разгружают тележки и шумят
Фитаревская, 6;Фитаревская;Магазины и сервисы рядом;2;Клуб ночной или бар спокойный для отдыха | Сбивают на самокатах, питбайки шумят, пьяницы шумят, в магазинах на первом этаже слышим работы ремонтные, разгружают тележки и шумят
Фитаревская, 6;Фитаревская;Прочее / федеральные темы;1;Бордюры достали перекладывать Потратьте деньги на более полезное Закон о тонировках доведите до конца
Фитаревская, 6;Фитаревская;Наркомания, алкоголь, бездомные;1;Сбивают на самокатах, питбайки шумят, пьяницы шумят, в магазинах на первом этаже слышим работы ремонтные, разгружают тележки и шумят
Фитаревская, 6;Фитаревская;Шлагбаумы и доступ во двор;1;Шлагбаумы не ставят мы платим за придомовую территорию, а шлагбаумы нам так и не поставили более полутора лет мучаемся с администрацией коммунарка, а территория позволяет шлагбаума поставить, но не ставят, 2 года назад они были установлены, администрация решила убрать, вокруг нас дома идальго около 5 домов высоток, у которых нет парковочных зон, двор без машин, все эти машины паркуются у нас, бывают случаи что скорые не могут проехать к нам
Липовый парк, 8к2;Липовый парк;Парковки;4;Много знаков парковка запрещена | Парковок мало | Тараканы, крысы, мигранты дерутся, парковок мало
Липовый парк, 8к2;Липовый парк;Безопасность и охрана;3;Буллинг | Мигранты дерутся | Тараканы, крысы, мигранты дерутся, парковок мало
Липовый парк, 8к2;Липовый парк;Мигранты и общественный порядок;3;Мигранты | Мигранты дерутся | Тараканы, крысы, мигранты дерутся, парковок мало
Липовый парк, 8к2;Липовый парк;Крысы и насекомые;2;Крысы бегают | Тараканы, крысы, мигранты дерутся, парковок мало
Липовый парк, 8к2;Липовый парк;Благоустройство и детские площадки;1;Детские площадки починить сделать новые
Липовый парк, 8к2;Липовый парк;Дороги и тротуары;1;Много знаков парковка запрещена
Липовый парк, 8к2;Липовый парк;Управляющая компания и ЖКХ;1;Мусорный бак в подъезде
Липовый парк, 8к2;Липовый парк;Мусор и уборка;1;Мусорный бак в подъезде
Липовый парк, 11;Липовый парк;Площадки для выгула собак;2;Для выгула собак место | Нет площадки для выгула собак парковки
Липовый парк, 11;Липовый парк;Мигранты и общественный порядок;2;Мигранты | Мигранты уважение к стране к людям где оно
Липовый парк, 11;Липовый парк;Парковки;2;Нет площадки для выгула собак парковки | Парковки
Липовый парк, 11;Липовый парк;Безопасность и охрана;1;Ходит и напрягает
Липовый парк, 11;Липовый парк;Спортивные площадки;1;Тенисной площадки нету, сделайте
Липовый парк, 11;Липовый парк;Освещение;1;Дополнительное освещение в зоне
Липовый парк, 11;Липовый парк;Вырубка дубов;1;Дубы срезают, добавить аттракционов качелей велотренажеров для родителей
Липовый парк, 11;Липовый парк;Благоустройство и детские площадки;1;Дубы срезают, добавить аттракционов качелей велотренажеров для родителей
Липовый парк, 4;Липовый парк;Парковки;4;Крысы и парковки | Парковочные места
Липовый парк, 4;Липовый парк;Крысы и насекомые;2;Крысы и парковки | Крысы у мусорки, за пятерочкой
Липовый парк, 4;Липовый парк;Дороги и тротуары;2;Дороги плохие
Липовый парк, 4;Липовый парк;Мусор и уборка;2;Детские площадки надо менять где урны на детской площадке, поднимать зарплату ЖКХ | Крысы у мусорки, за пятерочкой
Липовый парк, 4;Липовый парк;Благоустройство и детские площадки;1;Детские площадки надо менять где урны на детской площадке, поднимать зарплату ЖКХ
Липовый парк, 4;Липовый парк;Прочее / федеральные темы;1;Детские площадки надо менять где урны на детской площадке, поднимать зарплату ЖКХ
Липовый парк, 4;Липовый парк;Транспорт и автобусы;1;Убрали маршрутки одна альтернатива предложили одну маршрутку с очень большим интервалом
Липовый парк, 2;Липовый парк;Парковки;3;Парковочные места | Парковочные места платные | парковочные места мало
Липовый парк, 2;Липовый парк;Крысы и насекомые;3;Крысы | Мусорки крысы переполнены | Мусорки не убираются и крысы
Липовый парк, 2;Липовый парк;Лифты;2;Лифты застревают | Лифты они ломаются там можно застрять на 2 часа
Липовый парк, 2;Липовый парк;Мусор и уборка;2;Мусорки крысы переполнены | Мусорки не убираются и крысы
Скандинавский бульвар, 12;Скандинавский бульвар;Парковки;3;Мало платят, парковочные места, дубы вырезают, парки недостраивают, нету места для знакомств, нужно агентство по знакомствам | Парковочные платные места почему | Парковочных мест мало
Скандинавский бульвар, 12;Скандинавский бульвар;Вырубка дубов;3;Вырезают дубы | Дубы срезают, закройте проект Холим. Его построили на дубах. электричество скачет | Мало платят, парковочные места, дубы вырезают, парки недостраивают, нету места для знакомств, нужно агентство по знакомствам
Скандинавский бульвар, 12;Скандинавский бульвар;Дороги и тротуары;1;Мало платят, парковочные места, дубы вырезают, парки недостраивают, нету места для знакомств, нужно агентство по знакомствам
Скандинавский бульвар, 12;Скандинавский бульвар;Благоустройство и детские площадки;1;Мало платят, парковочные места, дубы вырезают, парки недостраивают, нету места для знакомств, нужно агентство по знакомствам
Скандинавский бульвар, 12;Скандинавский бульвар;Досуг и культура;1;Мало платят, парковочные места, дубы вырезают, парки недостраивают, нету места для знакомств, нужно агентство по знакомствам
Скандинавский бульвар, 12;Скандинавский бульвар;Площадки для выгула собак;1;Для колясок нет места где выгуливать и ездить едут курьеры мешают
Скандинавский бульвар, 12;Скандинавский бульвар;Самокаты и доставщики;1;Для колясок нет места где выгуливать и ездить едут курьеры мешают
Скандинавский бульвар, 12;Скандинавский бульвар;Питбайки и мотошум;1;Ездят питбайки громко нарушают шум
Скандинавский бульвар, 12;Скандинавский бульвар;Шум и ночные гонки;1;Ездят питбайки громко нарушают шум
Скандинавский бульвар, 12;Скандинавский бульвар;Электроснабжение;1;Дубы срезают, закройте проект Холим. Его построили на дубах. электричество скачет
Эдварда Грига, 7;Эдварда Грига;Парковки;2;Парковки больше | Парковки их нет выезда нет из двора из подземной парковки плохой выезд пробки
Эдварда Грига, 7;Эдварда Грига;Транспорт и автобусы;2;Новомосковское метро это как притон лесной массив нету ничего сделать парк | Фонари не работают от метро Потапова без света участки
Эдварда Грига, 7;Эдварда Грига;Дороги и тротуары;1;Парковки их нет выезда нет из двора из подземной парковки плохой выезд пробки
Эдварда Грига, 7;Эдварда Грига;Магазины и сервисы рядом;1;внутри нет продовольственного магазина на районе проблемы для бабушек Хлебного нет магазинов рыбного нет
Эдварда Грига, 7;Эдварда Грига;Экология и водоёмы;1;Новомосковское метро это как притон лесной массив нету ничего сделать парк
Эдварда Грига, 7;Эдварда Грига;Школы, сады и поликлиники;1;Школы нет мест
Эдварда Грига, 7;Эдварда Грига;Освещение;1;Фонари не работают от метро Потапова без света участки
Эдварда Грига, 7;Эдварда Грига;Вырубка дубов;1;Дубы не срезали
Бульвар Веласкеса, 6;Испанские кварталы;Дороги и тротуары;3;Вонь на улицах от Фудзи, таджики бушуют, насвай валяется, грязь от стройки дороги возле деревни | Многое разваливается: детские площадки, лавочки в парке, плитка трещит | Штрафстоянки эвакуируют машины даже когда чуть высовывается за знак платной парковки
Бульвар Веласкеса, 6;Испанские кварталы;Мигранты и общественный порядок;2;Вонь на улицах от Фудзи, таджики бушуют, насвай валяется, грязь от стройки дороги возле деревни | Меньше мигрантов и резиновых квартир, больше собачьих площадок
Бульвар Веласкеса, 6;Испанские кварталы;Парковки;2;Проблемы с парковками | Штрафстоянки эвакуируют машины даже когда чуть высовывается за знак платной парковки
Бульвар Веласкеса, 6;Испанские кварталы;Запахи и Фуд Сити / промзона;2;В лесу воняет болото, несколько озёр около Дубрава-парка, растёт опасный борщевик | Вонь на улицах от Фудзи, таджики бушуют, насвай валяется, грязь от стройки дороги возле деревни
Бульвар Веласкеса, 6;Испанские кварталы;Площадки для выгула собак;1;Меньше мигрантов и резиновых квартир, больше собачьих площадок
Бульвар Веласкеса, 6;Испанские кварталы;Благоустройство и детские площадки;1;Многое разваливается: детские площадки, лавочки в парке, плитка трещит
Бульвар Веласкеса, 6;Испанские кварталы;Борщевик;1;В лесу воняет болото, несколько озёр около Дубрава-парка, растёт опасный борщевик
Бульвар Веласкеса, 6;Испанские кварталы;Вырубка дубов;1;В лесу воняет болото, несколько озёр около Дубрава-парка, растёт опасный борщевик
Бульвар Веласкеса, 6;Испанские кварталы;Безопасность и охрана;1;В лесу воняет болото, несколько озёр около Дубрава-парка, растёт опасный борщевик
Бульвар Веласкеса, 6;Испанские кварталы;Экология и водоёмы;1;В лесу воняет болото, несколько озёр около Дубрава-парка, растёт опасный борщевик
Бульвар Веласкеса, 6;Испанские кварталы;Мусор и уборка;1;Вонь на улицах от Фудзи, таджики бушуют, насвай валяется, грязь от стройки дороги возле деревни
Бульвар Веласкеса, 6;Испанские кварталы;Стройка рядом;1;Вонь на улицах от Фудзи, таджики бушуют, насвай валяется, грязь от стройки дороги возле деревни
Скандинавский бульвар, 6;Скандинавский бульвар;Парковки;3;Парковок нет а если есть все занято и перерыто | Парковочные места | Снег не убирают зимой и парковок мало и машин много
Скандинавский бульвар, 6;Скандинавский бульвар;Вырубка дубов;2;Дубы вырезают | Дубы вырезают мигранты
Скандинавский бульвар, 6;Скандинавский бульвар;Дороги и тротуары;1;Брущатку чтобы мыли
Скандинавский бульвар, 6;Скандинавский бульвар;Мусор и уборка;1;Снег не убирают зимой и парковок мало и машин много
Скандинавский бульвар, 6;Скандинавский бульвар;Мигранты и общественный порядок;1;Дубы вырезают мигранты
Липовый парк, 10к3;Липовый парк;Лифты;2;Лифт большой не работает | Лифт не работает грузовой
Липовый парк, 10к3;Липовый парк;Мигранты и общественный порядок;1;Нет бюджетных музыкальных школ, искусства, досуговых центров, необходимо увеличить штат МВД мигранты Нехватает парков, дорог, зон отдыха
Липовый парк, 10к3;Липовый парк;Школы, сады и поликлиники;1;Нет бюджетных музыкальных школ, искусства, досуговых центров, необходимо увеличить штат МВД мигранты Нехватает парков, дорог, зон отдыха
Липовый парк, 10к3;Липовый парк;Дороги и тротуары;1;Нет бюджетных музыкальных школ, искусства, досуговых центров, необходимо увеличить штат МВД мигранты Нехватает парков, дорог, зон отдыха
Липовый парк, 10к3;Липовый парк;Благоустройство и детские площадки;1;Нет бюджетных музыкальных школ, искусства, досуговых центров, необходимо увеличить штат МВД мигранты Нехватает парков, дорог, зон отдыха
Липовый парк, 10к3;Липовый парк;Шум и ночные гонки;1;Нет бюджетных музыкальных школ, искусства, досуговых центров, необходимо увеличить штат МВД мигранты Нехватает парков, дорог, зон отдыха
Липовый парк, 10к3;Липовый парк;Парки и зоны отдыха;1;Нет бюджетных музыкальных школ, искусства, досуговых центров, необходимо увеличить штат МВД мигранты Нехватает парков, дорог, зон отдыха
Липовый парк, 10к3;Липовый парк;Досуг и культура;1;Нет бюджетных музыкальных школ, искусства, досуговых центров, необходимо увеличить штат МВД мигранты Нехватает парков, дорог, зон отдыха
Липовый парк, 10к3;Липовый парк;Госуслуги и ведомства;1;Нет бюджетных музыкальных школ, искусства, досуговых центров, необходимо увеличить штат МВД мигранты Нехватает парков, дорог, зон отдыха
Липовый парк, 10к3;Липовый парк;Электроснабжение;1;Электроэнергия скачет
Липовый парк, 10к3;Липовый парк;Крысы и насекомые;1;Крысы бегают
Скандинавский бульвар, 7;Скандинавский бульвар;Парковки;1;Парковочных мест нет
Скандинавский бульвар, 7;Скандинавский бульвар;Шум и ночные гонки;1;Очень громкая компания очень громкая музыка
Скандинавский бульвар, 7;Скандинавский бульвар;Транспорт и автобусы;1;Много частников до жк которые подвозят было много, теперь по определенному времени ходят, нету машин
Скандинавский бульвар, 7;Скандинавский бульвар;Освещение;1;Освещения в парке не хватает
Скандинавский бульвар, 7;Скандинавский бульвар;Дороги и тротуары;1;Вечные работы на дороге
Скандинавский бульвар, 7;Скандинавский бульвар;Стройка рядом;1;Вечные работы на дороге
Адрес не указан;Прочие адреса;Вырубка дубов;1;Площадь тувеянцева 6 Дубы убирают и ставят что то непонятное или ничего. Уборка мусора плохая её почти нет
Адрес не указан;Прочие адреса;Мусор и уборка;1;Площадь тувеянцева 6 Дубы убирают и ставят что то непонятное или ничего. Уборка мусора плохая её почти нет
Адрес не указан;Прочие адреса;Прочее / федеральные темы;1;Пока остается новой Москвой старые законы не действуют программы которые действуют внутри мкада
Адрес не указан;Прочие адреса;Парковки;1;Александра манохова 43 стр 1 Парковочные места
Адрес не указан;Прочие адреса;Благоустройство и детские площадки;1;Много домов застраивают, парков нет прогулочных зон
Адрес не указан;Прочие адреса;Точечная застройка;1;Много домов застраивают, парков нет прогулочных зон
Адрес не указан;Прочие адреса;Парки и зоны отдыха;1;Много домов застраивают, парков нет прогулочных зон
Бачуринская, 19;Бачуринская;Стройка рядом;2;Строительство нового жк и днём и ночью компания кросс не реагирует на жалобы
Бачуринская, 19;Бачуринская;Борщевик;1;не принимаются меры по борьбе с борщевиком не предусмотрено оборудование для маломобильной группы граждан неконтролируемый поток мигрантов из стран средней Азии (остро ощущается в связи с близким расположением ФудСити) вырубка дубов-аборигенов, отсутствие уходных мероприятий за существующими насаждениями с целью их сохранения
Бачуринская, 19;Бачуринская;Вырубка дубов;1;не принимаются меры по борьбе с борщевиком не предусмотрено оборудование для маломобильной группы граждан неконтролируемый поток мигрантов из стран средней Азии (остро ощущается в связи с близким расположением ФудСити) вырубка дубов-аборигенов, отсутствие уходных мероприятий за существующими насаждениями с целью их сохранения
Бачуринская, 19;Бачуринская;Запахи и Фуд Сити / промзона;1;не принимаются меры по борьбе с борщевиком не предусмотрено оборудование для маломобильной группы граждан неконтролируемый поток мигрантов из стран средней Азии (остро ощущается в связи с близким расположением ФудСити) вырубка дубов-аборигенов, отсутствие уходных мероприятий за существующими насаждениями с целью их сохранения
Бачуринская, 19;Бачуринская;Мигранты и общественный порядок;1;не принимаются меры по борьбе с борщевиком не предусмотрено оборудование для маломобильной группы граждан неконтролируемый поток мигрантов из стран средней Азии (остро ощущается в связи с близким расположением ФудСити) вырубка дубов-аборигенов, отсутствие уходных мероприятий за существующими насаждениями с целью их сохранения
Бачуринская, 19;Бачуринская;Доступная среда;1;не принимаются меры по борьбе с борщевиком не предусмотрено оборудование для маломобильной группы граждан неконтролируемый поток мигрантов из стран средней Азии (остро ощущается в связи с близким расположением ФудСити) вырубка дубов-аборигенов, отсутствие уходных мероприятий за существующими насаждениями с целью их сохранения
Бачуринская, 19;Бачуринская;Озеленение и уход за газонами;1;не принимаются меры по борьбе с борщевиком не предусмотрено оборудование для маломобильной группы граждан неконтролируемый поток мигрантов из стран средней Азии (остро ощущается в связи с близким расположением ФудСити) вырубка дубов-аборигенов, отсутствие уходных мероприятий за существующими насаждениями с целью их сохранения
Бачуринская, 19;Бачуринская;Безопасность и охрана;1;не принимаются меры по борьбе с борщевиком не предусмотрено оборудование для маломобильной группы граждан неконтролируемый поток мигрантов из стран средней Азии (остро ощущается в связи с близким расположением ФудСити) вырубка дубов-аборигенов, отсутствие уходных мероприятий за существующими насаждениями с целью их сохранения
Бачуринская, 19;Бачуринская;Парковки;1;Парковочные места
ЖК Идальго, 1;Идальго;Парковки;3;Парковки | Парковок нет, крысы бегают, мигранты мешают | Парковочные места
ЖК Идальго, 1;Идальго;Крысы и насекомые;2;Крысы бегают в мусоровозе и по детским площадкам, дохлые | Парковок нет, крысы бегают, мигранты мешают
ЖК Идальго, 1;Идальго;Мигранты и общественный порядок;1;Парковок нет, крысы бегают, мигранты мешают
ЖК Идальго, 1;Идальго;Мусор и уборка;1;Крысы бегают в мусоровозе и по детским площадкам, дохлые
ЖК Идальго, 1;Идальго;Благоустройство и детские площадки;1;Крысы бегают в мусоровозе и по детским площадкам, дохлые
Липовый парк, 10к4;Липовый парк;Мигранты и общественный порядок;1;Мигранты
Липовый парк, 10к4;Липовый парк;Управляющая компания и ЖКХ;1;Произвол управляющей компании
Липовый парк, 10к4;Липовый парк;Парковки;1;Парковок нет
Липовый парк, 10к4;Липовый парк;Шлагбаумы и доступ во двор;1;Шлакбаум
Липовый парк, 4к3;Липовый парк;Парковки;2;Парковки и крысы уберите, наставили новых знаков, сейчас впихивают знаки, мы уезжаем в отпуск через сутки выключается электроэнергия | Парковочные места
Липовый парк, 4к3;Липовый парк;Мигранты и общественный порядок;2;Мигранты | Мигранты дерутся
Липовый парк, 4к3;Липовый парк;Безопасность и охрана;1;Мигранты дерутся
Липовый парк, 4к3;Липовый парк;Крысы и насекомые;1;Парковки и крысы уберите, наставили новых знаков, сейчас впихивают знаки, мы уезжаем в отпуск через сутки выключается электроэнергия
Липовый парк, 4к3;Липовый парк;Электроснабжение;1;Парковки и крысы уберите, наставили новых знаков, сейчас впихивают знаки, мы уезжаем в отпуск через сутки выключается электроэнергия
Липовый парк, 4к3;Липовый парк;Дороги и тротуары;1;Парковки и крысы уберите, наставили новых знаков, сейчас впихивают знаки, мы уезжаем в отпуск через сутки выключается электроэнергия
Проспект Куприна, 1к2;Проспект Куприна;Дороги и тротуары;3;Выезда нормального нету нужен второй | Грязная плитка
Проспект Куприна, 1к2;Проспект Куприна;Транспорт и автобусы;1;Газели стоят у парка круглый год
Скандинавский бульвар, 14;Скандинавский бульвар;Дороги и тротуары;4;Брущатка вся поломана до 31 июля должно быть все исправлено теперь до 18 августа по ней невозможно ходить здесь можно упасть и разбиться Освещение в ночное время не работает как здесь так и вдоль дороги уличные фонари не светят. Дверь открыта щеколду выдирают. В поддержках пишут что не могут зафиксировать полностью только щеколду могут поставить. Постоянно открыто заходи кто хочет. Ключи не могут намагнитить уже год и 3 месяца Плохо контролируется на этажах вещи, противопожарная норма нарушена. Брущатка разбита. На площади тувеянцон | Нет зеркал для машин у дорог | Плитка везде недострой
Скандинавский бульвар, 14;Скандинавский бульвар;Недострой и долгострой;2;Плитка везде недострой | Плитка не дострой
Скандинавский бульвар, 14;Скандинавский бульвар;Освещение;1;Брущатка вся поломана до 31 июля должно быть все исправлено теперь до 18 августа по ней невозможно ходить здесь можно упасть и разбиться Освещение в ночное время не работает как здесь так и вдоль дороги уличные фонари не светят. Дверь открыта щеколду выдирают. В поддержках пишут что не могут зафиксировать полностью только щеколду могут поставить. Постоянно открыто заходи кто хочет. Ключи не могут намагнитить уже год и 3 месяца Плохо контролируется на этажах вещи, противопожарная норма нарушена. Брущатка разбита. На площади тувеянцон
Скандинавский бульвар, 14;Скандинавский бульвар;Управляющая компания и ЖКХ;1;Брущатка вся поломана до 31 июля должно быть все исправлено теперь до 18 августа по ней невозможно ходить здесь можно упасть и разбиться Освещение в ночное время не работает как здесь так и вдоль дороги уличные фонари не светят. Дверь открыта щеколду выдирают. В поддержках пишут что не могут зафиксировать полностью только щеколду могут поставить. Постоянно открыто заходи кто хочет. Ключи не могут намагнитить уже год и 3 месяца Плохо контролируется на этажах вещи, противопожарная норма нарушена. Брущатка разбита. На площади тувеянцон
Скандинавский бульвар, 8;Скандинавский бульвар;Парковки;4;Детям негде в футбол играть а соседи жалуются, транспорт ходит мало, парковочные места платные | Мало парковочных мест | Много машин
Скандинавский бульвар, 8;Скандинавский бульвар;Транспорт и автобусы;1;Детям негде в футбол играть а соседи жалуются, транспорт ходит мало, парковочные места платные
Скандинавский бульвар, 8;Скандинавский бульвар;Спортивные площадки;1;Детям негде в футбол играть а соседи жалуются, транспорт ходит мало, парковочные места платные
Скандинавский бульвар, 9;Скандинавский бульвар;Шум и ночные гонки;2;Мешает шум по ночам и парковок нет | От а101 бани кораоке закрыть потому что мешают до 4 утра шумят
Скандинавский бульвар, 9;Скандинавский бульвар;Дороги и тротуары;1;Плитка вылетает с асфальта не закреплена
Скандинавский бульвар, 9;Скандинавский бульвар;Управляющая компания и ЖКХ;1;От а101 бани кораоке закрыть потому что мешают до 4 утра шумят
Скандинавский бульвар, 9;Скандинавский бульвар;Парковки;1;Мешает шум по ночам и парковок нет
Скандинавский бульвар, 9;Скандинавский бульвар;Транспорт и автобусы;1;Автобус до школ чтобы был
Скандинавский бульвар, 9;Скандинавский бульвар;Школы, сады и поликлиники;1;Автобус до школ чтобы был
Бульвар Веласкеса, 5;Испанские кварталы;Опасные собаки;1;Бойцовские собаки без намордников или с несовершеннолетними
Бульвар Веласкеса, 5;Испанские кварталы;Борщевик;1;В деревне около озера много борщевика
Бульвар Веласкеса, 5;Испанские кварталы;Экология и водоёмы;1;В деревне около озера много борщевика
Бульвар Веласкеса, 5;Испанские кварталы;Мигранты и общественный порядок;1;Таджики кричат «кис-кис» девочкам и школьницам
Бульвар Веласкеса, 5;Испанские кварталы;Школы, сады и поликлиники;1;Таджики кричат «кис-кис» девочкам и школьницам
Бульвар Веласкеса, 5;Испанские кварталы;Безопасность и охрана;1;Таджики кричат «кис-кис» девочкам и школьницам
Бульвар Веласкеса, 5;Испанские кварталы;Шум и ночные гонки;1;Таджики кричат «кис-кис» девочкам и школьницам
Липовый парк, 5;Липовый парк;Парковки;2;Парковочные места
Липовый парк, 5;Липовый парк;Спортивные площадки;1;Больше баскетбольных площадок
Проспект Куприна, 1к1;Проспект Куприна;Транспорт и автобусы;2;Почему участников сво нет льготного проезда на метро | Проблема мало для колясок места Детей инвалидов площадок игровых зон и закрытые территорий автобусных остановок нехватает
Проспект Куприна, 1к1;Проспект Куприна;Доступная среда;1;Проблема мало для колясок места Детей инвалидов площадок игровых зон и закрытые территорий автобусных остановок нехватает
Проспект Куприна, 1к1;Проспект Куприна;Прочее / федеральные темы;1;Почему участников сво нет льготного проезда на метро
Проспект Куприна, 1к1;Проспект Куприна;Лифты;1;Компания а101 не выполняет должностные обязанности ломается лифты они готовы к сдачи в течении года или двух проблемы постоянные
Проспект Куприна, 1к1;Проспект Куприна;Управляющая компания и ЖКХ;1;Компания а101 не выполняет должностные обязанности ломается лифты они готовы к сдачи в течении года или двух проблемы постоянные
Скандинавский бульвар, 10;Скандинавский бульвар;Самокаты и доставщики;2;Ездят курьеры быстро и сбивают людей | Парковочных мест мало, ездит самокатов много
Скандинавский бульвар, 10;Скандинавский бульвар;Озеленение и уход за газонами;1;Скосить газон перед торговым центром супермаркет перекресток
Скандинавский бульвар, 10;Скандинавский бульвар;Парковки;1;Парковочных мест мало, ездит самокатов много
Скандинавский бульвар, 10;Скандинавский бульвар;Безопасность и охрана;1;Ездят курьеры быстро и сбивают людей
Ясная, 5;Ясная;Освещение;2;Не работает освещение по ночам | Часто не работает освещение, что сильно затрудняет жизнь слабовидящим людям
Ясная, 5;Ясная;Доступная среда;1;Часто не работает освещение, что сильно затрудняет жизнь слабовидящим людям
Ясная, 5;Ясная;Шум и ночные гонки;1;Не работает освещение по ночам
Ясная, 5;Ясная;Школы, сады и поликлиники;1;Нехватает классов и аудиторий для занятий в доме культуры тинао коммунарка
Бачуринская;Бачуринская;Парковки;1;Недостроенная стоянка 5 лет нужно построить или убрать
Бачуринская;Бачуринская;Недострой и долгострой;1;Недостроенная стоянка 5 лет нужно построить или убрать
Бачуринская;Бачуринская;Вырубка дубов;1;Заковыряли   улицу Дикая вырубка деревьев Коммунарка везде
Бачуринская;Бачуринская;Дороги и тротуары;1;Заковыряли   улицу Дикая вырубка деревьев Коммунарка везде
Бачуринская, 11;Бачуринская;Связь, интернет, домофоны;2;5 лет нету альтернативного провайдера, обещают но не делают, управляющая компания наглеет, мухлюют, от застройщика | Машины во дворе не проехать не пройти. Негде проехать домофоны не можем установить мы без домофонов
Бачуринская, 11;Бачуринская;Управляющая компания и ЖКХ;1;5 лет нету альтернативного провайдера, обещают но не делают, управляющая компания наглеет, мухлюют, от застройщика
Бачуринская, 11ак1;Бачуринская;Парковки;2;Двор без машин но на самом деле их столько что пройти нельзя, дайте парковку или уберите машины
Бачуринская, 17;Бачуринская;Дороги и тротуары;2;Укрепить грунт на склоне опасность обрушения | на бачурина все перекопано управляющая компания не реагирует на заявки жильцов
Бачуринская, 17;Бачуринская;Безопасность и охрана;1;Укрепить грунт на склоне опасность обрушения
Бачуринская, 17;Бачуринская;Управляющая компания и ЖКХ;1;на бачурина все перекопано управляющая компания не реагирует на заявки жильцов
Бачуринская, 2;Бачуринская;Парковки;2;Бучуринская 2 Долгострой парковка убрать | Долгострой парковка убрать
Бачуринская, 2;Бачуринская;Недострой и долгострой;2;Бучуринская 2 Долгострой парковка убрать | Долгострой парковка убрать
Бачуринская, 7;Бачуринская;Дороги и тротуары;2;Светофоры не работают | Слабое освещение на дорогах
Бачуринская, 7;Бачуринская;Освещение;1;Слабое освещение на дорогах
Бульвар Веласкеса, 1;Испанские кварталы;Запахи и Фуд Сити / промзона;2;Фуд Сити, промзона, воняет кабели и едкие пластмассы | Фуд Сити, промзона, воняет, горло выжигает, химический запах, среди недели жгут
ЖК Идальго, 6;Идальго;Наркомания, алкоголь, бездомные;2;Наркоманы | наркоманы закладки ищут и портят лифты и тараканы от них
ЖК Идальго, 6;Идальго;Крысы и насекомые;1;наркоманы закладки ищут и портят лифты и тараканы от них
ЖК Идальго, 6;Идальго;Лифты;1;наркоманы закладки ищут и портят лифты и тараканы от них
Лазурная, 14;Лазурная;Лифты;1;Лифты застревают
Лазурная, 14;Лазурная;Питбайки и мотошум;1;Питбайки ездят громко
Лазурная, 14;Лазурная;Шум и ночные гонки;1;Питбайки ездят громко
Липовый парк, 6к1;Липовый парк;Парковки;1;Курьеры наезжают на детей парковки не придуманы
Липовый парк, 6к1;Липовый парк;Самокаты и доставщики;1;Курьеры наезжают на детей парковки не придуманы
Липовый парк, 6к1;Липовый парк;Транспорт и автобусы;1;Увеличить количество автобусов до метро Новомосковская
Посёлок Коммунарка, 103;Коммунарка (посёлок);Спортивные площадки;2;Футбольное поле не работает свет И там сетки слишком низкие, опасно играть, торчат колючая сетка и ворота починить Крысы бегают | Футбольное поле улучшить оно есть но мяч вылетает газон поменять
Посёлок Коммунарка, 103;Коммунарка (посёлок);Крысы и насекомые;1;Футбольное поле не работает свет И там сетки слишком низкие, опасно играть, торчат колючая сетка и ворота починить Крысы бегают
Посёлок Коммунарка, 103;Коммунарка (посёлок);Освещение;1;Футбольное поле не работает свет И там сетки слишком низкие, опасно играть, торчат колючая сетка и ворота починить Крысы бегают
Посёлок Коммунарка, 103;Коммунарка (посёлок);Безопасность и охрана;1;Футбольное поле не работает свет И там сетки слишком низкие, опасно играть, торчат колючая сетка и ворота починить Крысы бегают
Посёлок Коммунарка, 103;Коммунарка (посёлок);Озеленение и уход за газонами;1;Футбольное поле улучшить оно есть но мяч вылетает газон поменять
Проспект Куприна, 3;Проспект Куприна;Парки и зоны отдыха;2;Парк закрыт мешаю пройти | Парк не доделали
Проспект Куприна, 3;Проспект Куприна;Недострой и долгострой;1;Парк не доделали
Проспект Куприна, 3к1;Проспект Куприна;Дороги и тротуары;1;Капают очень долго никто не работает не ухожен двор все перекопано
Проспект Куприна, 3к1;Проспект Куприна;Мусор и уборка;1;Капают никто не убирает
Проспект Куприна, 3к5;Проспект Куприна;Экология и водоёмы;2;Пруд должен был идти его нет мокрость есть а ничего даже не карте есть а его нет
Скандинавский бульвар, 1;Скандинавский бульвар;Шум и ночные гонки;1;Ночью люди собираются возле табачного магазина и шумят под окнами
Скандинавский бульвар, 1;Скандинавский бульвар;Магазины и сервисы рядом;1;Ночью люди собираются возле табачного магазина и шумят под окнами
Скандинавский бульвар, 1;Скандинавский бульвар;Мусор и уборка;1;Мусор на улицах
Скандинавский бульвар, 23к1;Скандинавский бульвар;Качество воды;1;У президента слишком много полномочий Вода жесткая
Скандинавский бульвар, 23к1;Скандинавский бульвар;Прочее / федеральные темы;1;У президента слишком много полномочий Вода жесткая
Скандинавский бульвар, 23к1;Скандинавский бульвар;Управляющая компания и ЖКХ;1;Мусопровода нету
Улица Александры Монаховой, 5с1;Александры Монаховой;Прочее / федеральные темы;2;Бензина нет | Бензина нету на заправках в школы не доехать
Улица Александры Монаховой, 5с1;Александры Монаховой;Школы, сады и поликлиники;1;Бензина нету на заправках в школы не доехать
Фитаревская, 15;Фитаревская;Парковки;1;Отсутствие сбора мусора, парковочные места
Фитаревская, 15;Фитаревская;Мусор и уборка;1;Отсутствие сбора мусора, парковочные места
Фитаревская, 15;Фитаревская;Запахи и Фуд Сити / промзона;1;Запах в жк канализации в той части к фитаревской 19 воняет люки и там ливневая канализация провал застройщика скисшей капустой воняет
Фитаревская, 17;Фитаревская;Лифты;1;Лифты застревают
Фитаревская, 17;Фитаревская;Парковки;1;Дубы срезают деревья срезают хотят построить дорогу за окном шум постоянный, парковок нет. В МВД невозможно записаться, месяц не можно попасть
Фитаревская, 17;Фитаревская;Вырубка дубов;1;Дубы срезают деревья срезают хотят построить дорогу за окном шум постоянный, парковок нет. В МВД невозможно записаться, месяц не можно попасть
Фитаревская, 17;Фитаревская;Дороги и тротуары;1;Дубы срезают деревья срезают хотят построить дорогу за окном шум постоянный, парковок нет. В МВД невозможно записаться, месяц не можно попасть
Фитаревская, 17;Фитаревская;Шум и ночные гонки;1;Дубы срезают деревья срезают хотят построить дорогу за окном шум постоянный, парковок нет. В МВД невозможно записаться, месяц не можно попасть
Фитаревская, 17;Фитаревская;Госуслуги и ведомства;1;Дубы срезают деревья срезают хотят построить дорогу за окном шум постоянный, парковок нет. В МВД невозможно записаться, месяц не можно попасть
Фитаревская, 8;Фитаревская;Парковки;1;Парковочные места
Фитаревская, 8;Фитаревская;Озеленение и уход за газонами;1;Короткий газон и порвана сетка
Эдварда Грига, 14;Эдварда Грига;Парковки;1;Парковочные места
Эдварда Грига, 14;Эдварда Грига;Не размечено — проверить вручную;1;Липовый парк 9
Эдварда Грига, 15;Эдварда Грига;Дороги и тротуары;1;Нет пешеходного перехода из парка Знак и зебра стоп линия лежачего полицейского И слепая зона не видят пешехода водителя и наоборот
Эдварда Грига, 15;Эдварда Грига;Парковки;1;Парковочные места
Эдварда Грига, 17;Эдварда Грига;Парки и зоны отдыха;1;Доделать парк
Эдварда Грига, 17;Эдварда Грига;Связь, интернет, домофоны;1;Связь сделать в нашем дома
Академическая площадь, 4;Прочие адреса;Мигранты и общественный порядок;1;Мигранты у Троицка метро плохое
Академическая площадь, 4;Прочие адреса;Транспорт и автобусы;1;Мигранты у Троицка метро плохое
Бачуринская, 1;Бачуринская;Крысы и насекомые;1;Тараканы
Бачуринская, 11а;Бачуринская;Самокаты и доставщики;1;Электросамокаты чуть ли детей не сбивают носятся
Бачуринская, 11а;Бачуринская;Безопасность и охрана;1;Электросамокаты чуть ли детей не сбивают носятся
Бачуринская, 22;Бачуринская;Парковки;1;Шлакбаумы поставьте, скорая не заезжает, сканируют данные машин, постоянные ремонты дороги, почему платные парковки
Бачуринская, 22;Бачуринская;Шлагбаумы и доступ во двор;1;Шлакбаумы поставьте, скорая не заезжает, сканируют данные машин, постоянные ремонты дороги, почему платные парковки
Бачуринская, 22;Бачуринская;Дороги и тротуары;1;Шлакбаумы поставьте, скорая не заезжает, сканируют данные машин, постоянные ремонты дороги, почему платные парковки
Бачуринская, 22;Бачуринская;Безопасность и охрана;1;Шлакбаумы поставьте, скорая не заезжает, сканируют данные машин, постоянные ремонты дороги, почему платные парковки
Бачуринская, 22;Бачуринская;Стройка рядом;1;Шлакбаумы поставьте, скорая не заезжает, сканируют данные машин, постоянные ремонты дороги, почему платные парковки
Бачуринская, 22и;Бачуринская;Стройка рядом;1;Стройка день и ночь
Бачуринская, 22к1;Бачуринская;Транспорт и автобусы;1;Общественный транспорт отменили 992, народ не может влезть в автобус
Бачуринская, 22к2;Бачуринская;Крысы и насекомые;1;Крысы бегают
Бачуринская, 22к3;Бачуринская;Качество воды;1;Воды нету или холодная
Бачуринская, 6;Бачуринская;Магазины и сервисы рядом;1;Побольше магазинов продуктовых
Бачуринская, 8;Бачуринская;Парковки;1;Парковки
Бульвар Веласкеса, 3к2;Испанские кварталы;Запахи и Фуд Сити / промзона;1;Запахи мешают, воняет
Бульвар Веласкеса, 5к2;Испанские кварталы;Запахи и Фуд Сити / промзона;1;Фуд Сити убрать, мешает, воняет
Бульвар Веласкеса, 5к5;Испанские кварталы;Спортивные площадки;1;Отремонтируйте баскетбольную площадку
Бульвар Веласкеса, 7;Испанские кварталы;Мусор и уборка;1;Много грязи, бычков, мусорки переполнены
Бульвар Веласкеса, 8;Испанские кварталы;Спортивные площадки;1;Отремонтировали баскетбольную площадку
Воскресенское 34;Прочие адреса;Безопасность и охрана;1;Распространяет личную конфиденциальную информацию, с использованием личных переписок и фотографий ясная 8
Гарден парк, 1;Прочие адреса;Освещение;1;Плохое освещение
Город Наро-Фоминск деревня клово улица придорожная дом 39;Прочие адреса;Прочее / федеральные темы;1;Социальная газификация не социальная а капиталистическая много денег хотят за это За социальную газификацию В трех метрах от дома 260 тысяч стоит провести трубу чтобы в дом просто завести трубу и проект тысяч 50
ЖК Идальго, 2;Идальго;Парковки;1;Парковок нет
ЖК Идальго, 3;Идальго;Мигранты и общественный порядок;1;Мигранты дерутся
ЖК Идальго, 3;Идальго;Безопасность и охрана;1;Мигранты дерутся
ЖК Идальго, 7;Идальго;Парковки;1;Парковок мало
Зона Фуд Сити;Прочие адреса;Мигранты и общественный порядок;1;Нелегальное такси, мигранты и их количество, отсутствие контролеров в автобусе
Зона Фуд Сити;Прочие адреса;Транспорт и автобусы;1;Нелегальное такси, мигранты и их количество, отсутствие контролеров в автобусе
Лазурная, 7;Лазурная;Школы, сады и поликлиники;1;Детские сады не дают, на бачурина все перекопано
Лазурная, 7;Лазурная;Дороги и тротуары;1;Детские сады не дают, на бачурина все перекопано
Лазурная, 9;Лазурная;Мусор и уборка;1;Голуби все загадили
Липовый парк;Липовый парк;Мигранты и общественный порядок;1;Мигранты дерутся
Липовый парк;Липовый парк;Безопасность и охрана;1;Мигранты дерутся
Липовый парк, 10к1;Липовый парк;Питбайки и мотошум;1;Питбайки гоняют громко
Липовый парк, 10к1;Липовый парк;Шум и ночные гонки;1;Питбайки гоняют громко
Липовый парк, 10к2;Липовый парк;Лифты;1;Оба лифта надо менять, еле работает а второй не работает
Липовый парк, 3;Липовый парк;Мусор и уборка;1;Мусор редко вывозят особенно по выходным
Липовый парк, 4к2;Липовый парк;Качество воды;1;Грязная рыжая вода
Липовый парк, 5к1;Липовый парк;Электроснабжение;1;Скачки напряжения в доме постоянно
Липовый парк, 7к1;Липовый парк;Крысы и насекомые;1;Тараканы присутствуют
Липовый парк, 7к2;Липовый парк;Шлагбаумы и доступ во двор;1;Шлакбаумы отсутствуют
Липовый парк, 8к1;Липовый парк;Лифты;1;У нас в доме лифт плохо работают и не работают и застревают Может сорваться У нас были цветы сейчас ничего нету второй год и долгий светофор на перекрестке
Липовый парк, 8к1;Липовый парк;Дороги и тротуары;1;У нас в доме лифт плохо работают и не работают и застревают Может сорваться У нас были цветы сейчас ничего нету второй год и долгий светофор на перекрестке
Липовый парк, 8к1;Липовый парк;Озеленение и уход за газонами;1;У нас в доме лифт плохо работают и не работают и застревают Может сорваться У нас были цветы сейчас ничего нету второй год и долгий светофор на перекрестке
Лобановский лес, 2;Прочие адреса;Парковки;1;Парковочные места
Любучанская, 2к1;Прочие адреса;Недострой и долгострой;1;вводится в 2025 эксплуатацию но задержка выдачи квартир
Посёлок Газопровод, 14;Прочие адреса;Транспорт и автобусы;1;С транспортом проблема
Посёлок Коммунарка, 17;Коммунарка (посёлок);Шум и ночные гонки;1;Шумные компании постоянно собираются
Посёлок Коммунарка, 6;Коммунарка (посёлок);Управляющая компания и ЖКХ;1;Плохо работает управляющая компания на окнах паутины и грязь
Посёлок Коммунарка, 6;Коммунарка (посёлок);Мусор и уборка;1;Плохо работает управляющая компания на окнах паутины и грязь
Потапово;Потапово;Парковки;1;Парковок мало
Потапово, 2в;Потапово;Транспорт и автобусы;1;Автобусы чтобы чаще ходили
Потаповская роща, 10;Потапово;Парковки;1;Парковку и закончить стройку
Прокшинский проспект, 9;Прочие адреса;Площадки для выгула собак;1;Больше площадок для выгула собак
Проспект Куприна, 1к3;Проспект Куприна;Дороги и тротуары;1;Грязная плитка
Проспект Куприна, 30к2;Проспект Куприна;Шум и ночные гонки;1;Нулевая шумоизоляция
Саларьево, 7;Прочие адреса;Парковки;1;Парковок нет
Сиреневый бульвар, 10;Сиреневый бульвар;Дороги и тротуары;1;Дороги пешеходные их нет брущатка все старое
Скандинавский бульвар;Скандинавский бульвар;Вырубка дубов;1;Вырубают дубы
Скандинавский бульвар, 13;Скандинавский бульвар;Парковки;1;Парковки мало
Скандинавский бульвар, 1к1;Скандинавский бульвар;Без замечаний;1;Проблем нет
Скандинавский бульвар, 4к2;Скандинавский бульвар;Питбайки и мотошум;1;Питбайки гоняют наркоманы пьяницы ходят всегда
Скандинавский бульвар, 4к2;Скандинавский бульвар;Наркомания, алкоголь, бездомные;1;Питбайки гоняют наркоманы пьяницы ходят всегда
Скандинавский бульвар, 4к2;Скандинавский бульвар;Шум и ночные гонки;1;Питбайки гоняют наркоманы пьяницы ходят всегда
Соседский Стан, 10;Соседский Стан;Мусор и уборка;1;Мусор его не убирают
Соседский Стан, 15;Соседский Стан;Прочее / федеральные темы;1;Ставка на ипотеку большая первоначальный взнос конский
Соседский Стан, 17;Соседский Стан;Питбайки и мотошум;1;Питбайки громко ездят
Соседский Стан, 17;Соседский Стан;Шум и ночные гонки;1;Питбайки громко ездят
Улица Александры Монаховой, 85к1;Александры Монаховой;Парковки;1;Мало парковочных мест негде парковать
Улица Василия Ощепкова, 1;Василия Ощепкова;Качество воды;1;Грязная вода
Улица Василия Ощепкова, 6;Василия Ощепкова;Крысы и насекомые;1;Мусорки и крысы бегают
Улица Василия Ощепкова, 6;Василия Ощепкова;Мусор и уборка;1;Мусорки и крысы бегают
Улица Николо-Хованская, 16;Николин Парк;Шлагбаумы и доступ во двор;1;Нужно поставить обратно шлагбаум. Раньше весь ЖК был за забором, потом убрали охрану и шлагбаум
Улица Николо-Хованская, 16;Николин Парк;Безопасность и охрана;1;Нужно поставить обратно шлагбаум. Раньше весь ЖК был за забором, потом убрали охрану и шлагбаум
Улица Сальвадора Дали, 1к3;Испанские кварталы;Дороги и тротуары;1;Неровные дороги, опасные выступы, кирпичи на тротуарах возле Бургер Кинга, при дожде вылетает вода
Улица Сальвадора Дали, 1к3;Испанские кварталы;Безопасность и охрана;1;Неровные дороги, опасные выступы, кирпичи на тротуарах возле Бургер Кинга, при дожде вылетает вода
Улица Сервантеса, 1к1;Испанские кварталы;Свалка;1;Рядом огромная свалка, писали жалобу в министерство — не обращают внимания
Улица Сервантеса, 1к1;Испанские кварталы;Госуслуги и ведомства;1;Рядом огромная свалка, писали жалобу в министерство — не обращают внимания
Ферганский проезд, 5;Прочие адреса;Стройка рядом;1;Стройка день и ночь
Фитаревская, 18;Фитаревская;Вырубка дубов;1;Дубы вырезают, парки сделать нормально
Фитаревская, 18;Фитаревская;Благоустройство и детские площадки;1;Дубы вырезают, парки сделать нормально
Фитаревская, 19;Фитаревская;Питбайки и мотошум;1;Питбайки гоняют
Фитаревская, 19;Фитаревская;Шум и ночные гонки;1;Питбайки гоняют
Фитаревская, 2;Фитаревская;Электроснабжение;1;Свет выключают часто
Фитаревская, 21;Фитаревская;Парковки;1;Мобилизацию отменить, парковки побольше, против знаков где они не имеют смысла
Фитаревская, 21;Фитаревская;Дороги и тротуары;1;Мобилизацию отменить, парковки побольше, против знаков где они не имеют смысла
Фитаревская, 21;Фитаревская;Прочее / федеральные темы;1;Мобилизацию отменить, парковки побольше, против знаков где они не имеют смысла
Фитаревская, 27;Фитаревская;Наркомания, алкоголь, бездомные;1;Бомжам найти дом
Фитаревская, 7;Фитаревская;Крысы и насекомые;1;Крысы бегают
Эдварда Грига, 18;Эдварда Грига;Парковки;1;Нехватает парковочных мест
Эдварда Грига, 18к3;Эдварда Грига;Управляющая компания и ЖКХ;1;подъезд 1 зеркало разбито не сделано, было сняли и нету ничего Не работают двери деревянные ворота замки электронные не работают
Эдварда Грига, 5;Эдварда Грига;Вырубка дубов;1;Умирающие дубы в этом районе их закрывают в плитку они умирают мучительно, можно бережно относится к природе
Эдварда Грига, 5;Эдварда Грига;Дороги и тротуары;1;Умирающие дубы в этом районе их закрывают в плитку они умирают мучительно, можно бережно относится к природе
Эдварда Грига, 8;Эдварда Грига;Прочее / федеральные темы;1;Отношение к людям хреновое
Ясная, 6;Ясная;Парковки;1;Парковок мало
